{
	"data": [
		{
			"quote": "If you want to achieve greatness stop asking for permission.",
			"author": "Unknown"
		},
		{
			"quote": "Things work out best for those who make the best of how things work out.",
			"author": "John Wooden"
		},
		{
			"quote": "To live a creative life, we must lose our fear of being wrong.",
			"author": "Unknown"
		},
		{
			"quote": "If you are not willing to risk the usual you will have to settle for the ordinary.",
			"author": "Jim Rohn"
		},
		{
			"quote": "Trust because you are willing to accept the risk, not because it's safe or certain.",
			"author": "Unknown"
		},
		{
			"quote": "Take up one idea. Make that one idea your life--think of it, dream of it, live on that idea. Let the brain, muscles, nerves, every part of your body, be full of that idea, and just leave every other idea alone. This is the way to success.",
			"author": "Swami Vivekananda"
		},
		{
			"quote": "All our dreams can come true if we have the courage to pursue them.",
			"author": "Walt Disney"
		},
		{
			"quote": "Good things come to people who wait, but better things come to those who go out and get them.",
			"author": "Unknown"
		},
		{
			"quote": "If you do what you always did, you will get what you always got.",
			"author": "Unknown"
		},
		{
			"quote": "Success is walking from failure to failure with no loss of enthusiasm.",
			"author": "Winston Churchill"
		},
		{
			"quote": "Just when the caterpillar thought the world was ending, he turned into a butterfly.",
			"author": "Proverb"
		},
		{
			"quote": "Successful entrepreneurs are givers and not takers of positive energy.",
			"author": "Unknown"
		},
		{
			"quote": "Whenever you see a successful person you only see the public glories, never the private sacrifices to reach them.",
			"author": "Vaibhav Shah"
		},
		{
			"quote": "Opportunities don't happen, you create them.",
			"author": "Chris Grosser"
		},
		{
			"quote": "Try not to become a person of success, but rather try to become a person of value.",
			"author": "Albert Einstein"
		},
		{
			"quote": "Great minds discuss ideas; average minds discuss events; small minds discuss people.",
			"author": "Eleanor Roosevelt"
		},
		{
			"quote": "I have not failed. I've just found 10,000 ways that won't work.",
			"author": "Thomas A. Edison"
		},
		{
			"quote": "If you don't value your time, neither will others. Stop giving away your time and talents--start charging for it.",
			"author": "Kim Garst"
		},
		{
			"quote": "A successful man is one who can lay a firm foundation with the bricks others have thrown at him.",
			"author": "David Brinkley"
		},
		{
			"quote": "No one can make you feel inferior without your consent.",
			"author": "Eleanor Roosevelt"
		},
		{
			"quote": "The whole secret of a successful life is to find out what is one's destiny to do, and then do it.",
			"author": "Henry Ford"
		},
		{
			"quote": "You learn more from failure than from success. Don’t let it stop you. Failure builds character.",
			"author": "Unknown"
		},
		{
			"quote": "The ones who are crazy enough to think they can change the world, are the ones who do.",
			"author": "Unknown"
		},
		{
			"quote": "Don't raise your voice, improve your argument.",
			"author": "Unknown"
		},
		{
			"quote": "What seems to us as bitter trials are often blessings in disguise.",
			"author": "Oscar Wilde"
		},
		{
			"quote": "The meaning of life is to find your gift. The purpose of life is to give it away.",
			"author": "Unknown"
		},
		{
			"quote": "The distance between insanity and genius is measured only by success.",
			"author": "Bruce Feirstein"
		},
		{
			"quote": "When you stop chasing the wrong things, you give the right things a chance to catch you.",
			"author": "Lolly Daskal"
		},
		{
			"quote": "I believe that the only courage anybody ever needs is the courage to follow your own dreams.",
			"author": "Oprah Winfrey"
		},
		{
			"quote": "No masterpiece was ever created by a lazy artist.",
			"author": "Unknown"
		},
		{
			"quote": "Happiness is a butterfly, which when pursued, is always beyond your grasp, but which, if you will sit down quietly, may alight upon you.",
			"author": "Nathaniel Hawthorne"
		},
		{
			"quote": "If you can't explain it simply, you don't understand it well enough.",
			"author": "Albert Einstein"
		},
		{
			"quote": "Blessed are those who can give without remembering and take without forgetting.",
			"author": "Unknown"
		},
		{
			"quote": "Do one thing every day that scares you.",
			"author": "Unknown"
		},
		{
			"quote": "What's the point of being alive if you don't at least try to do something remarkable.",
			"author": "Unknown"
		},
		{
			"quote": "Life is not about finding yourself. Life is about creating yourself.",
			"author": "Lolly Daskal"
		},
		{
			"quote": "Nothing in the world is more common than unsuccessful people with talent.",
			"author": "Unknown"
		},
		{
			"quote": "Knowledge is being aware of what you can do. Wisdom is knowing when not to do it.",
			"author": "Unknown"
		},
		{
			"quote": "Your problem isn't the problem. Your reaction is the problem.",
			"author": "Unknown"
		},
		{
			"quote": "You can do anything, but not everything.",
			"author": "Unknown"
		},
		{
			"quote": "It’s not whether you get knocked down, it’s whether you get up.",
			"author": "Vince Lombardi"
		},
		{
			"quote": "There are two types of people who will tell you that you cannot make a difference in this world: those who are afraid to try and those who are afraid you will succeed.",
			"author": "Ray Goforth"
		},
		{
			"quote": "Thinking should become your capital asset, no matter whatever ups and downs you come across in your life.",
			"author": "A.P.J. Abdul Kalam"
		},
		{
			"quote": "I find that the harder I work, the more luck I seem to have.",
			"author": "Thomas Jefferson"
		},
		{
			"quote": "The starting point of all achievement is desire.",
			"author": "Napoleon Hill"
		},
		{
			"quote": "Success is the sum of small efforts, repeated day-in and day-out.",
			"author": "Robert Collier"
		},
		{
			"quote": "If you want to achieve excellence, you can get there today. As of this second, quit doing less-than-excellent work.",
			"author": "Thomas J. Watson"
		},
		{
			"quote": "All progress takes place outside the comfort zone.",
			"author": "Michael John Bobak"
		},
		{
			"quote": "You may only succeed if you desire succeeding; you may only fail if you do not mind failing.",
			"author": "Philippos"
		},
		{
			"quote": "Courage is resistance to fear, mastery of fear--not absence of fear.",
			"author": "Mark Twain"
		},
		{
			"quote": "Only put off until tomorrow what you are willing to die having left undone.",
			"author": "Pablo Picasso"
		},
		{
			"quote": "People often say that motivation doesn't last. Well, neither does bathing--that's why we recommend it daily.",
			"author": "Zig Ziglar"
		},
		{
			"quote": "We become what we think about most of the time, and that's the strangest secret.",
			"author": "Earl Nightingale"
		},
		{
			"quote": "The only place where success comes before work is in the dictionary.",
			"author": "Vidal Sassoon"
		},
		{
			"quote": "Too many of us are not living our dreams because we are living our fears.",
			"author": "Les Brown"
		},
		{
			"quote": "I find that when you have a real interest in life and a curious life, that sleep is not the most important thing.",
			"author": "Martha Stewart"
		},
		{
			"quote": "It's not what you look at that matters, it's what you see.",
			"author": "Unknown"
		},
		{
			"quote": "The road to success and the road to failure are almost exactly the same.",
			"author": "Colin R. Davis"
		},
		{
			"quote": "The function of leadership is to produce more leaders, not more followers.",
			"author": "Ralph Nader"
		},
		{
			"quote": "Success is liking yourself, liking what you do, and liking how you do it.",
			"author": "Maya Angelou"
		},
		{
			"quote": "As we look ahead into the next century, leaders will be those who empower others.",
			"author": "Bill Gates"
		},
		{
			"quote": "A real entrepreneur is somebody who has no safety net underneath them.",
			"author": "Henry Kravis"
		},
		{
			"quote": "The first step toward success is taken when you refuse to be a captive of the environment in which you first find yourself.",
			"author": "Mark Caine"
		},
		{
			"quote": "People who succeed have momentum. The more they succeed, the more they want to succeed, and the more they find a way to succeed. Similarly, when someone is failing, the tendency is to get on a downward spiral that can even become a self-fulfilling prophecy.",
			"author": "Tony Robbins"
		},
		{
			"quote": "When I dare to be powerful, to use my strength in the service of my vision, then it becomes less and less important whether I am afraid.",
			"author": "Audre Lorde"
		},
		{
			"quote": "Whenever you find yourself on the side of the majority, it is time to pause and reflect.",
			"author": "Mark Twain"
		},
		{
			"quote": "The successful warrior is the average man, with laser-like focus.",
			"author": "Bruce Lee"
		},
		{
			"quote": "There is no traffic jam along the extra mile.",
			"author": "Roger Staubach"
		},
		{
			"quote": "Develop success from failures. Discouragement and failure are two of the surest stepping stones to success.",
			"author": "Dale Carnegie"
		},
		{
			"quote": "If you don't design your own life plan, chances are you'll fall into someone else's plan. And guess what they have planned for you? Not much.",
			"author": "Jim Rohn"
		},
		{
			"quote": "If you genuinely want something, don't wait for it--teach yourself to be impatient.",
			"author": "Gurbaksh Chahal"
		},
		{
			"quote": "Don't let the fear of losing be greater than the excitement of winning.",
			"author": "Robert Kiyosaki"
		},
		{
			"quote": "If you want to make a permanent change, stop focusing on the size of your problems and start focusing on the size of you!",
			"author": "T. Harv Eker"
		},
		{
			"quote": "You can't connect the dots looking forward; you can only connect them looking backwards. So you have to trust that the dots will somehow connect in your future. You have to trust in something--your gut, destiny, life, karma, whatever. This approach has never let me down, and it has made all the difference in my life.",
			"author": "Steve Jobs"
		},
		{
			"quote": "Two roads diverged in a wood and I  took the one less traveled by, and that made all the difference.",
			"author": "Robert Frost "
		},
		{
			"quote": "The number one reason people fail in life is because they listen to their friends, family, and neighbors.",
			"author": "Napoleon Hill"
		},
		{
			"quote": "The reason most people never reach their goals is that they don't define them, or ever seriously consider them as believable or achievable. Winners can tell you where they are going, what they plan to do along the way, and who will be sharing the adventure with them.",
			"author": "Denis Waitley"
		},
		{
			"quote": "In my experience, there is only one motivation, and that is desire. No reasons or principle contain it or stand against it.",
			"author": "Jane Smiley"
		},
		{
			"quote": "Success does not consist in never making mistakes but in never making the same one a second time.",
			"author": "George Bernard Shaw"
		},
		{
			"quote": "I don't want to get to the end of my life and find that I lived just the length of it. I want to have lived the width of it as well.",
			"author": "Diane Ackerman"
		},
		{
			"quote": "You must expect great things of yourself before you can do them.",
			"author": "Michael Jordan"
		},
		{
			"quote": "Motivation is what gets you started. Habit is what keeps you going.",
			"author": "Jim Ryun"
		},
		{
			"quote": "People rarely succeed unless they have fun in what they are doing.",
			"author": "Dale Carnegie"
		},
		{
			"quote": "There is no chance, no destiny, no fate, that can hinder or control the firm resolve of a determined soul.",
			"author": "Ella Wheeler Wilcox"
		},
		{
			"quote": "Our greatest fear should not be of failure but of succeeding at things in life that don't really matter.",
			"author": "Francis Chan"
		},
		{
			"quote": "You've got to get up every morning with determination if you're going to go to bed with satisfaction.",
			"author": "George Lorimer"
		},
		{
			"quote": "A goal is not always meant to be reached; it often serves simply as something to aim at.",
			"author": "Bruce Lee"
		},
		{
			"quote": "Success is ... knowing your purpose in life, growing to reach your maximum potential, and sowing seeds that benefit others.",
			"author": "John C. Maxwell"
		},
		{
			"quote": "Be miserable. Or motivate yourself. Whatever has to be done, it's always your choice.",
			"author": "Wayne Dyer"
		},
		{
			"quote": "To accomplish great things, we must not only act, but also dream, not only plan, but also believe.",
			"author": "Anatole France"
		},
		{
			"quote": "Most of the important things in the world have been accomplished by people who have kept on trying when there seemed to be no help at all.",
			"author": "Dale Carnegie"
		},
		{
			"quote": "You measure the size of the accomplishment by the obstacles you had to overcome to reach your goals.",
			"author": "Booker T. Washington"
		},
		{
			"quote": "Real difficulties can be overcome; it is only the imaginary ones that are unconquerable.",
			"author": "Theodore N. Vail"
		},
		{
			"quote": "It is better to fail in originality than to succeed in imitation.",
			"author": "Herman Melville"
		},
		{
			"quote": "What would you do if you weren't afraid.",
			"author": "Spencer Johnson"
		},
		{
			"quote": "Little minds are tamed and subdued by misfortune; but great minds rise above it.",
			"author": "Washington Irving"
		},
		{
			"quote": "Failure is the condiment that gives success its flavor.",
			"author": "Truman Capote"
		},
		{
			"quote": "Don't let what you cannot do interfere with what you can do.",
			"author": "John R. Wooden"
		},
		{
			"quote": "You may have to fight a battle more than once to win it.",
			"author": "Margaret Thatcher"
		},
		{
			"quote": "A man can be as great as he wants to be. If you believe in yourself and have the courage, the determination, the dedication, the competitive drive and if you are willing to sacrifice the little things in life and pay the price for the things that are worthwhile, it can be done.",
			"author": "Vince Lombardi"
		}
	]
}