{
	"data": [
		{
			"quote": "The best and most beautiful things in the world cannot be seen or even touched - they must be felt with the heart.",
			"author": "Helen Keller"
		},
		{
			"quote": "The best preparation for tomorrow is doing your best today.",
			"author": "H. Jackson Brown, Jr."
		},
		{
			"quote": "Life isn’t about getting and having, it’s about giving and being.",
			"author": "Kevin Kruse"
		},
		{
			"quote": "Whatever the mind of man can conceive and believe, it can achieve.",
			"author": "Napoleon Hill"
		},
		{
			"quote": "Strive not to be a success, but rather to be of value.",
			"author": "Albert Einstein"
		},
		{
			"quote": "Two roads diverged in a wood, and I—I took the one less traveled by, And that has made all the difference.",
			"author": "Robert Frost"
		},
		{
			"quote": "I attribute my success to this: I never gave or took any excuse.",
			"author": "Florence Nightingale"
		},
		{
			"quote": "You miss 100% of the shots you don’t take.",
			"author": "Wayne Gretzky"
		},
		{
			"quote": "I’ve missed more than 9000 shots in my career. I’ve lost almost 300 games. 26 times I’ve been trusted to take the game winning shot and missed. I’ve failed over and over and over again in my life. And that is why I succeed.",
			"author": "Michael Jordan"
		},
		{
			"quote": "The most difficult thing is the decision to act, the rest is merely tenacity.",
			"author": "Amelia Earhart"
		},
		{
			"quote": "Every strike brings me closer to the next home run.",
			"author": "Babe Ruth"
		},
		{
			"quote": "Definiteness of purpose is the starting point of all achievement.",
			"author": "W. Clement Stone"
		},
		{
			"quote": "We must balance conspicuous consumption with conscious capitalism.",
			"author": "Kevin Krus"
		},
		{
			"quote": "Life is what happens to you while you’re busy making other plans.",
			"author": "John Lennon"
		},
		{
			"quote": "We become what we think about.",
			"author": "Earl Nightingale"
		},
		{
			"quote": "The most common way people give up their power is by thinking they don’t have any.",
			"author": "Alice Walker"
		},
		{
			"quote": "The mind is everything. What you think you become.",
			"author": "Buddha"
		},
		{
			"quote": "The best time to plant a tree was 20 years ago. The second best time is now.",
			"author": "Chinese Proverb"
		},
		{
			"quote": "An unexamined life is not worth living.",
			"author": "Socrates"
		},
		{
			"quote": "Eighty percent of success is showing up.",
			"author": "Woody Allen"
		}
	]
}