{
    "data": [
      {
        "quote": "He understood well enough how a man with a choice between pride and responsibility will almost always choose pride—if responsibility robs him of his manhood.",
        "author": "Stephen King"
      },
      {
        "quote": "We do not admire the man of timid peace. We admire the man who embodies victorious effort; the man who never wrongs his neighbor, who is prompt to help a friend, but who has those virile qualities necessary to win in the stern strife of actual life.",
        "author": "Theodore Roosevelt"
      },
      {
        "quote": "It is not what he has, or even what he does which expresses the worth of a man, but what he is.",
        "author": "Henri-Frédéric Amiel"
      },
      {
        "quote": "The way of a superior man is three-fold: virtuous, he is free from anxieties; wise, he is free from perplexities; bold, he is free from fear.",
        "author": "Confucius"
      },
      {
        "quote": "A man should be able to hear, and to bear, the worst that could be said of him.",
        "author": "Saul Bellow"
      },
      {
        "quote": "Nobody can give you freedom. Nobody can give you equality or justice or anything. If you’re a man, you take it",
        "author": "Malcolm X"
      },
      {
        "quote": "To be a man requires that you accept everything life has to give you, beginning with your name",
        "author": "Burl Ives"
      },
      {
        "quote": "Gardens are not made by singing 'Oh, how beautiful,' and sitting in the shade.",
        "author": "Rudyard Kipling"
      },
      {
        "quote": "Man needs his difficulties because they are necessary to enjoy success.",
        "author": "A. P. J. Abdul Kalam"
      },
      {
        "quote": "Fortune always favors the brave, and never helps a man who does not help himself.",
        "author": "P.T. Barnum"
      },
      {
        "quote": "A hero is no braver than an ordinary man, but he is brave five minutes longer.",
        "author": "Ralph Waldo Emerson"
      },
      {
        "quote": "I'd rather regret the things I've done than regret the things I haven't done.",
        "author": "Lucille Ball"
      },
      {
        "quote": "We cannot direct the wind, but we can adjust the sails.",
        "author": "Dolly Parton"
      },
      {
        "quote": "My hope still is to leave the world a bit better than when I got here.",
        "author": "Jim Henson"
      },
      {
        "quote": "When I started counting my blessings, my whole life turned around.",
        "author": "Willie Nelson"
      },
      {
        "quote": "We are what we believe we are.",
        "author": "C.S. Lewis"
      },
      {
        "quote": "Courage is what it takes to stand up and speak; courage is also what it takes to sit down and listen.",
        "author": "Winston Churchill"
      },
      {
        "quote": "A gem cannot be polished without friction, nor a man perfected without trials.",
        "author": "Lucius Annaeus Seneca"
      },
      {
        "quote": "Success is not final, failure is not fatal: it is the courage to continue that counts.",
        "author": "Winston Churchill"
      },
      {
        "quote": "There is nothing so stable as change.",
        "author": "Bob Dylan"
      }
    ]
}
