{
    "data": [
        {
            "author": "Thomas Aquinas",
            "quote": "The things that we love tell us what we are."
        },
        {
            "author": "Leo Durocher",
            "quote": "I come to win."
        },
        {
            "author": "William J. H. Boetcker",
            "quote": "Never mind what others do; do better than yourself, beat your own record from day to day, and you are a success."
        },
        {
            "author": "Anne Rice",
            "quote": "Writers, as they gain success, feel like outsiders because writers don't come together in real groups."
        },
        {
            "author": "Dada Vaswani",
            "quote": "True success, true happiness lies in freedom and fulfillment."
        },
        {
            "author": "Steve Jobs",
            "quote": "Your work is going to fill a large part of your life, and the only way to be truly satisfied is to do what you believe is great work. And the only way to do great work is to love what you do. If you haven't found it yet, keep looking. Don't settle. As with all matters of the heart, you'll know when you find it."
        },
        {
            "author": "Tiffany Trump",
            "quote": "I don't know what it's like to have a typical father figure. He's not the dad who's going to take me to the beach and go swimming, but he's such a motivational person."
        },
        {
            "author": "Sammy Davis, Jr.",
            "quote": "The success of the Rat Pack or the Clan was due to the camaraderie, the three guys who work together and kid each other and love each other."
        },
        {
            "author": "Robert Kiyosaki",
            "quote": "Finding good partners is the key to success in anything: in business, in marriage and, especially, in investing."
        },
        {
            "author": "Michael Gove",
            "quote": "The single most important thing in a child's performance is the quality of the teacher. Making sure a child spends the maximum amount of time with inspirational teachers is the most important thing."
        },
        {
            "author": "Sylvester Stallone",
            "quote": "Success is usually the culmination of controlling failure."
        },
        {
            "author": "Steve Jobs",
            "quote": "Microsoft has had two goals in the last 10 years. One was to copy the Mac, and the other was to copy Lotus' success in the spreadsheet - basically, the applications business. And over the course of the last 10 years, Microsoft accomplished both of those goals. And now they are completely lost."
        },
        {
            "author": "Alan Price",
            "quote": "The one phrase you can use is that success has a thousand fathers, and failure is an orphan."
        },
        {
            "author": "George Eliot",
            "quote": "It seems to me we can never give up longing and wishing while we are thoroughly alive. There are certain things we feel to be beautiful and good, and we must hunger after them."
        },
        {
            "author": "Jules Renard",
            "quote": "Everything you want is out there waiting for you to ask. Everything you want also wants you. But you have to take action to get it."
        },
        {
            "author": "Earl Wilson",
            "quote": "Success is simply a matter of luck. Ask any failure."
        },
        {
            "author": "Orison Swett Marden",
            "quote": "Achievement is not always success, while reputed failure often is. It is honest endeavor, persistent effort to do the best possible under any and all circumstances."
        },
        {
            "author": "Carter Burwell",
            "quote": "The flow of Guiness into the studio was inspirational as well as nutritive."
        },
        {
            "author": "Philip Emeagwali",
            "quote": "The hardships that I encountered in the past will help me succeed in the future."
        },
        {
            "author": "Donatella Versace",
            "quote": "Lady Gaga is the present and the future. She is the most revolutionary and inspirational artist. She is fearless and daring."
        },
        {
            "author": "Christopher Morley",
            "quote": "Big shots are only little shots who keep shooting."
        },
        {
            "author": "Edward Everett Hale",
            "quote": "The making of friends who are real friends, is the best token we have of a man's success in life."
        },
        {
            "author": "Bill Shoemaker",
            "quote": "Desire is the most important factor in the success of any athlete."
        },
        {
            "author": "Susana Martinez",
            "quote": "Success is the American Dream. And that success is not something to be ashamed of, or to demonize."
        },
        {
            "author": "Tecumseh",
            "quote": "From my tribe I take nothing, I am the maker of my own fortune."
        }
    ]
}