{
    "data": [
        {
            "quote": "If something stands between you and your success, move it. Never be denied.",
            "author": "Dwayne “The Rock” Johnson, professional wrestler and actor"
        },
        {
            "quote": "You dream. You plan. You reach. There will be obstacles. There will be doubters. There will be mistakes. But with hard work, with belief, with confidence and trust in yourself and those around you, there are no limits.",
            "author": "Michael Phelps, swimmer and Olympic gold medalist"
        },
        {
            "quote": "You have to learn the rules of the game. And then you have to play better than anyone else.",
            "author": "Albert Einstein"
        },
        {
            "quote": "Bodybuilding is an art, your body is the canvas, weights are your brush and nutrition is your paint. We all have the ability to turn a self-portrait into a masterpiece.",
            "author": "Kai Greene"
        },
        {
            "quote": "Strength does not come from winning. Your struggles develop your strengths.",
            "author": "Arnold Schwarzenegger"
        },
        {
            "quote": " I hated every minute of training, but I said, ”Don’t quit. Suffer now and live the rest of your life as a champion.",
            "author": "Mahummad Ali"
        },
        {
            "quote": "When one person hesitates because he feels inferior, the other is busy making mistakes and becoming superior",
            "author": "Henry C Link"
        },
        {
            "quote": "The mind always fails first, not the body. The secret is to make your mind work for you, not against you.",
            "author": "Arnold Schwarzenegger"
        },
        {
            "quote": "Go hard or go home",
            "author" : "Phil Heath"
        },
        {
            "quote": "Blood, Sweat and Respect. First Two You Give, Last One You Earn",
            "author": " Dwayne Johnson | The Rock"
        },
        {
            "quote": "Let Actions Do Your Talkin For You, (Unless Your Telling A Good Dirty Joke)",
            "author": "Dwayne Johnson | The Rock"
        },
        {
            "quote": "Stay hungry, stay foolish",
            "author": "Steve Jobs"
        },
        {
            "quote": "Always forgive your enemies - nothing annoys them so much.",
            "author": "Oscar Wilde"
        },
        {
            "quote": "Life is like riding a bicycle. In order to maintain balance, you must keep moving.",
            "author": "Albert Einstein"
        },
        {
            "quote": "Chains of habit are too light to be felt until they are too heavy to be broken.",
            "author": "Warren Buffett"
        },
        {
            "quote": "The most important investment you can make is in yourself.",
            "author": "Warren Buffett"
        },
        {
            "quote": "When one door of happiness closes, another opens; but often we look so long at the closed door that we do not see the one which has been opened for us.",
            "author": "Helen Keller"
        },
        {
            "quote": "He who conquers others is strong, he who conquers himself is mighty.",
            "author": "Lao Tsu"
        },
        {
            "quote": "You only live once, but if you do it right, once is enough.",
            "author": "Mae West"
        },
        {
            "quote": "Don’t complain about what you don’t have. Use what you’ve got. To be less than your best is a sin.",
            "author": "Oprah Winfrey"
        }
    ]
}