{
	"data": [
		{
			"author": "Arthur C. Clarke", 
			"quote": "The only way of discovering the limits of the possible is to venture a little way past them into the impossible."
		},
		{
			"author": "Roy T. Bennett", 
			"quote": "It's only after you've stepped outside your comfort zone that you begin to change, grow, and transform."
		},
		{
			"author": "Roy T. Bennett", 
			"quote": "Don't be pushed around by the fears in your mind. Be led by the dreams in your heart."
		},
		{
			"author": "Confucius", 
			"quote": "The man who moves a mountain begins by carrying away small stones."
		},
		{
			"author": "Paulo Coelho", 
			"quote": "Nothing in the world is ever completely wrong. Even a stopped clock is right twice a day."
		},
		{
			"author": "Napoleon Hill", 
			"quote": "When defeat comes, accept it as a signal that your plans are not sound, rebuild those plans, and set sail once more toward your coveted goal."
		},
		{
			"author": "Lily Tomlin", 
			"quote": "I said 'Somebody should do something about that.' Then I realized I am somebody."
		},
		{
			"author": "Christopher McCandless", 
			"quote": "The very basic core of a man's living spirit is his passion for adventure. The joy of life comes from our encounters with new experiences, and hence there is no greater joy than to have an endlessly changing horizon, for each day to have a new and different sun."
		},
		{
			"author": "C.S. Lewis", 
			"quote": "There are far, far better things ahead than any we leave behind."
		},
		{
			"author": "Jack Welch", 
			"quote": "Face reality as it is, not as it was or as you wish it to be."
		},
		{
			"author": "Nathan W. Morris", 
			"quote": "Edit your life frequently and ruthlessly. It's your masterpiece after all."
		},
		{
			"author": "Stephen King", 
			"quote": "Talent is a wonderful thing, but it won't carry a quitter."
		},
		{
			"author": "Morrie Camhi", 
			"quote": "We see things not as they are, we see them as WE are."
		},
		{
			"author": "Ken Robinson", 
			"quote": "Curiosity is the engine of achievement."
		},
		{
			"author": "Tehmina Durrani", 
			"quote": "I found an inner strength to fight for myself. It was clear that nobody else would."
		},
		{
			"author": "Johann Wolfgang von Goethe", 
			"quote": "The heights charm us, but the steps do not; with the mountain in our view we love to walk the plains."
		},
		{
			"author": "Mohammed Ali Bapir", 
			"quote": "Let your action manifest your thought, your belief and your passion."
		},
		{
			"author": "Bill Rodgers", 
			"quote": "I often lose motivation, but it's something I accept as normal."
		},
		{
			"author": "Wendy Tremayne", 
			"quote": "Start even if you don't know how."
		},
		{
			"author": "Babe Ruth", 
			"quote": "Never allow the fear of striking out keep you from playing the game!"
		},
		{
			"author": "L.M. Fields", 
			"quote": "It doesn't matter where you've been, only where you are going."
		},
		{
			"author": "Richie Norton", 
			"quote": "To become who you want to become, make decisions that THAT person would make, TODAY."
		},
		{
			"author": "Dragos Bratasanu", 
			"quote": "Flow is a state of being when we are completely focused, and fully immersed in what we are doing. In flow our work seems effortless, creativity goes into overdrive, we feel inspired, and motivation springs forth from within."
		},
		{
			"author": "Greg Daugherty", 
			"quote": "Rejected pieces aren't failure; unwritten pieces are."
		},
		{
			"author": "Dawn Garcia", 
			"quote": "We are not who we come from. We are who we allow ourselves to become."
		},
		{
			"author": "M.L. Shanahan", 
			"quote": "Fight everyday for a better life."
		},
		{
			"author": "Qwana Reynolds-Frasier", 
			"quote": "Practice makes the hard things easy."
		}
	]
}
