{
    "data": [
            	{
			"author": "Józef Piłsudski",
			"quote": "To be defeated and not submit, is victory; to be victorious and rest on one's laurels, is defeat."
    		},
    		{
    			"author": "Józef Piłsudski",
    			"quote": "To want to, is to be able to."
    		},
    		{
    			"author": "Chinese Proverb",
    			"quote": "The flowers of all the tomorrows are in the seeds of today."
    		},
    		{
    			"author": "Benjamin Franklin",
    			"quote": "We are all born ignorant, but one must work hard to remain stupid."
    		},
    		{
    			"author": "Steve Carell",
    			"quote": "You need to be a peli-CAN. Not peli-CAN'T."
    		},
    		{
    			"author": "Oprah Winfrey",
    			"quote": "Turn your wounds into wisdom."
    		},
    		{
    			"author": "Albert Einstein",
    			"quote": "Try not to become a person of success but a person of value."
    		},
    		{
    			"author": "Mahatma Gandhi",
    			"quote": "We must be the change we wish to see in the world"
    		},
    		{
    			"author": "African Proverb",
    			"quote": "Even a slow walker will arrive."
    		},
    		{
    			"author": "Ralph Waldo Emerson",
    			"quote": "Self-trust is the first secret of success."
    		},
    		{
    			"author": "Mark Twain",
    			"quote": "Humor is man's greatest blessing."
    		},
    		{
    			"author": "Russian Proverb",
    			"quote": "Little drops of water wear down big stones."
    		},
    		{
    			"author": "Pablo Casals",
    			"quote": "The person who works and is never bored is never old. Work and interest in worthwhile things are the best remedy for age."
    		},
    		{
    			"author": "Ralph Waldo Emerson",
    			"quote": "Men succeed when they realize that their failures are the preparation for their victories."
    		},
    		{
    			"author": "Albert Einstein",
    			"quote": "Anyone who has never made a mistake has never tried anything new."
    		},
    		{
    			"author": "Nike, Inc.",
    			"quote": "Just do it."
    		},
    		{
    			"author": "Samuel Johnson",
    			"quote": "Clear your mind of can't."
    		},
    		{
    			"author": "Albert Einstein",
    			"quote": "In the middle of difficulty lies opportunity."
    		},
    		{
    			"author": "James Cash (J.C.) Penney",
    			"quote": "Long-range goals keep you from being frustrated by short-term failures."
    		},
    		{
    			"author": "Henry David Thoreau",
    			"quote": "The question is not what you look at, but what you see."
    		}
    	]
}
