{
	"data":[
		{
			"author": "Anonymous",
			"quote": "This too shall pass."
		},
		{
			"author": "Albert Einstein",
			"quote": "Any fool can know. The point is to understand."
		},
		{
			"author": "Winston Churchill",
			"quote": "If you are going through hell, keep going."
		},
		{
			"author": "Robert Heilein",
			"quote": "There's no free lunch."
		},
		{
			"author": "Pablo Picasso",
			"quote": "Everything you can imagine is real."
		},
		{
			"author": "Anonymous",
			"quote": "I'm my problem but also my solution."
		},
		{
			"author": "Anonymous",
			"quote": "Can't move mountains? Try small stones."
		},
		{
			"author": "Eleanor Roosevelt",
			"quote": "Do what you feel right, for you'll be criticised anyway."
		},
		{
			"author": "Jim Rohn",
			"quote": "Don't wish it were easier. Wish you were better."
		},
		{
			"author": "Henry Ford",
			"quote": "Vision without execution is just hallucination."
		},
		{
			"author": "Anonymous",
			"quote": "The moment you realize that you know nothing, you'll know everything."
		},
		{
			"author": "Oscar Wilde",
			"quote": "Be yourself. Everyone else is already taken."
		},
		{
			"author": "Gerard Butler",
			"quote": "Be the hero of your own life story"
		},
		{
			"author": "Jim Rohn",
			"quote": "Either you run the day or the day runs you."
		},
		{
			"author": "Chris Grosser",
			"quote": "Opportunities don't happen, you create them."
		},
		{
			"author": "Confucius",
			"quote": "It does not matter how slowly you go, so long as you do not stop."
		},
		{
			"author": "Spryte Loriano",
			"quote": "Every great story on the planet happened when someone decided not to give up, and kept going no matter what."
		},
		{
			"author": "Charles Darwin",
			"quote": "A man who dares to waste one hour of time has not discovered the value of life."
		},
		{
			"author": "Leonardo DiCaprio",
			"quote": "If you can do what you do best and be happy, you're further along in life than most people."
		},
		{
			"author": "Aristotle",
			"quote": "He who has overcome his fears will truly be free."
		}
	]
}
