{
	"data":[
		{
			"author": "Carol Burnett",
			"quote": "Only I can change my life. NO one can do it for me."
		},
		{
			"author": "Ayn Rand",
			"quote": "A creative man is motivated by the desire to achieve, not by the desire to beat others."
		},
		{
			"author": "Carl Sandburg",
			"quote": "To be a good loser is to learn how to win."
		},
		{
			"author": "Norman Ralph Augustine",
			"quote": "Motivation will almost always beat mere talent."
		},
		{
			"author": "Octavio Paz",
			"quote": "Deserve your dream."
		},
		{
			"author": "John W. Gardner",
			"quote": "True happiness involves the full use of one's power and talent."
		},
		{
			"author": "Virgil",
			"quote": "They can conquer who believe they can."
		},
		{
			"author": "Philip Emeagwali",
			"quote": "The hardship that I encountered in the past will help me succeed in the future."
		},
		{
			"author": "Saint Teresea of Avila",
			"quote": "Be gentle to all and stern with yourself."
		},
		{
			"author": "Lucille Ball",
			"quote": "The more thing you do,the more you can do."
		},
		{
			"author": "Baltasar Gracian",
			"quote": "The wise does at once what the fool does at last."
		},
		{
			"author": "John Burroughs",
			"quote": "Leap, and net will appear."
		},
		{
			"author": "Aeschylus",
			"quote": "God always strives together with those who strive."
		},
		{
			"author": "Eliza Dushku",
			"quote": "Go big or go home.Because it's true. What do you have to lose?"
		},
		{
			"author": "Leo Durocher",
			"quote": "I come to win."
		},
		{
			"author": "Roes Kennedy",
			"quote": "I know not age, nor weariness nor defeat."
		},
		{
			"author": "Edgar Cayce",
			"quote": "There is a progress whether you are going forward or backward! The thing is to move!"
		},
		{
			"author": "Shiv Khera",
			"quote": "Your positive action combined with positive thinking results in success."
		},
		{
			"author": "Lyndon B. Johnson",
			"quote": "Yesterday is not ours to recover, but tommorrow is ours to win or lose."
		},
		{
			"author": "Matt Cameron",
			"quote": "Live life to the fullest, and focus on the positive."
		}
	]
}
