{
  "data": [
    {
      "author": "Albert Einstein",
      "quote": "Anyone who has never made a mistake has never tried anything new."
    },
    {
      "author": "Winston Churchill",
      "quote": "Success is walking from failure to failure with no loss of enthusiasm."
    },
    {
      "author": "Winston Churchill",
      "quote": "The pessimist sees difficulty in every opportunity. The optimist sees opportunity in every difficulty."
    },
    {
      "author": "Will Rogers",
      "quote": "Don’t Let Yesterday Take Up Too Much Of Today."
    },
    {
      "author": "Vince Lombardi",
      "quote": "It’s Not Whether You Get Knocked Down, It’s Whether You Get Up."
    },
    {
      "author": "Steve Jobs",
      "quote": "If You Are Working On Something That You Really Care About, You Don’t Have To Be Pushed. The Vision Pulls You."
    },
    {
      "author": "Maya Angelou",
      "quote": "We May Encounter Many Defeats But We Must Not Be Defeated."
    },
    {
      "author": "Brian Tracy",
      "quote": "Imagine Your Life Is Perfect In Every Respect; What Would It Look Like?"
    },
    {
      "author": "Napoleon Hill",
      "quote": "Whatever the mind of man can conceive and believe, it can achieve."
    },
    {
      "author": "Albert Einstein",
      "quote": "Strive not to be a success, but rather to be of value."
    },
    {
      "author": "Robert Frost",
      "quote": "Two roads diverged in a wood, and I—I took the one less traveled by, And that has made all the difference."
    },
    {
      "author": "Wayne Gretzky",
      "quote": "You miss 100% of the shots you don’t take."
    },
    {
      "author": "Babe Ruth",
      "quote": "Every strike brings me closer to the next home run."
    },
    {
      "author": "Buddha",
      "quote": "The mind is everything. What you think you become."
    },
    {
      "author": "Vince Lombardi",
      "quote": "Winning isn’t everything, but wanting to win is."
    },
    {
      "author": "Jim Rohn",
      "quote": "Either you run the day, or the day runs you."
    },
    {
      "author": "Frank Sinatra",
      "quote": "The best revenge is massive success."
    },
    {
      "author": "Anais Nin",
      "quote": "Life shrinks or expands in proportion to one's courage."
    },
    {
      "author": "Eleanor Roosevelt",
      "quote": "Remember no one can make you feel inferior without your consent."
    },
    {
      "author": "Theodore Roosevelt",
      "quote": "Believe you can and you’re halfway there."
    }
  ]
}
