{
	"data": [{
			"author": "Anatole France",
			"quote": "It is by acts and not by ideas that people live."
		},
		{
			"author": "Anonymous",
			"quote": "Always imitate the behavior of the winners when you lose."
		},
		{
			"author": "Karl von Bonstetten",
			"quote": "To resist the frigidity of old age one must combine the body, the mind and the heart - and to keep them in parallel vigor one must exercise, study and love."
		},
		{
			"author": "Lois McMaster Bujold",
			"quote": "If you make it plain you like people, it's hard for them to resist liking you back."
		},
		{
			"author": "Dorothy C. Fisher",
			"quote": "A mother is not a person to lean on but a person to make leaning unnecessary."
		},
		{
			"author": "George Iles",
			"quote": "A superstition is a premature explanation that overstays its time."
		},
		{
			"author": "George Eliot ",
			"quote": "The scornful nostril and the high head gather not the odors that lie on the track of truth."
		},
		{
			"author": "Joan Rivers",
			"quote": "A man can sleep around, no questions asked, but if a woman makes nineteen or twenty mistakes she's a tramp."
		},
		{
			"author": "Ogden Nash",
			"quote": "Progress might have been all right once, but it has gone on too long."
		},
		{
			"author": "Susan Jeffers",
			"quote": "Feel the fear and do it anyway."
		},
		{
			"author": "Ellen Herman",
			"quote": "Joel - That's the movies, Ed. Try reality. Ed - No thanks."
		},
		{
			"author": "Mark Twain",
			"quote": "When in doubt, tell the truth."
		},
		{
			"author": "Starline X. Hodge",
			"quote": "Just because it's only 'stuff' doesn't mean I can't appreciate it while I have it."
		},
		{
			"author": "Alan Corenk",
			"quote": "Democracy consists of choosing your dictators, after they've told you what you think it is you want to hear."
		},
		{
			"author": "Steven Wright ",
			"quote": "Last night somebody broke into my apartment and replaced everything with exact duplicates... When I pointed it out to my roommate, he said, 'Do I know you?'"
		},
		{
			"author": "Thomas Szasz",
			"quote": "Men are afraid to rock the boat in which they hope to drift safely through life's currents, when, actually, the boat is stuck on a sandbar. They would be better off to rock the boat and try to shake it loose."
		},
		{
			"author": "Kyran Pittman,",
			"quote": "Different and new is just the same old if you keep doing it over and over."
		},
		{
			"author": "Frank Lloyd Wright",
			"quote": "Noble life demands a noble architecture for noble uses of noble men. Lack of culture means what it has always meant: ignoble civilization and therefore imminent downfall."
		},
		{
			"author": "Dan Quayle",
			"quote": "I stand by all the misstatements that I've made."
		},
		{
			"author": "Bob Dylan",
			"quote": "If the point is sharp, and the arrow is swift, it can pierce through the dust no matter how thick."
		}
	]
}
