{
	"data": [
		{
			"quote": "Business opportunities are like buses, there’s always another one coming.",
			"author": "Richard Branson"
		},
		{
			"quote": "I have not failed. I’ve just found 10,000 ways that won’t work.",
			"author": "Thomas Edison"
		},
		{
			"quote": "A friendship founded on business is better than a business founded on friendship.",
			"author": "John D. Rockfeller"
		},
		{
			"quote": "The way get started is to quit talking and begin doing.",
			"author": "Walt Disney"
		},
		{
			"quote": "The pessimist sees difficulty in every opportunity. The optimist sees opportunity in every difficulty.",
			"author": "Winston Churchill"
		},
		{
			"quote": "Don’t let yesterday take up too much of today.",
			"author": "Will Rogers"
		},
		{
			"quote": "You learn more from failure than from success. Don’t let it stop you. Failure builds character.",
			"author": "Unknown"
		},
		{
			"quote": "It’s not whether you get knocked down, it’s whether you get up.",
			"author": "Vince Lombardi"
		},
		{
			"quote": "If you are working on something that you really care about, you don’t have to be pushed. The vision pulls you.",
			"author": "Steve Jobs"
		},
		{
			"quote": "People who are crazy enough to think they can change the world, are the ones who do.",
			"author": "Rob Siltanen"
		},
		{
			"quote": "Failure will never overtake me if my determination to succeed is strong enough.",
			"author": "Og Mandino"
		},
		{
			"quote": "Entrepreneurs are great at dealing with uncertainty and also very good at minimizing risk. That’s the classic entrepreneur.",
			"author": "Mohnish Pabrai"
		},
		{
			"quote": "We may encounter many defeats but we must not be defeated.",
			"author": "Maya Angelou"
		},
		{
			"quote": "Knowing is not enough; we must apply. Wishing is not enough; we must do.",
			"author": "Johann Wolfgang Von Goethe"
		},
		{
			"quote": "Imagine your life is perfect in every respect; what would it look like?",
			"author": " Brian Tracy"
		},
		{
			"quote": "We generate fears while we sit. We overcome them by action.",
			"author": "Dr. Henry Link"
		},
		{
			"quote": "Whether you think you can or think you can’t, you’re right.",
			"author": "Henry Ford"
		},
		{
			"quote": "Security is mostly a superstition. Life is either a daring adventure or nothing.",
			"author": "Helen Keller"
		},
		{
			"quote": "The man who has confidence in himself gains the confidence of others.",
			"author": "Hasidic Proverb"
		},
		{
			"quote": "The only limit to our realization of tomorrow will be our doubts of today.",
			"author": "Franklin D. Roosevelt"
		},
		{
			"quote": "Creativity is intelligence having fun.",
			"author": "Albert Einstein"
		}
	]
}
