{
	"data": [
		{
			"quote": "You can have everything you want in life if you just help enough people get what they want in life.",
			"author": "Zig Ziglar"
		},
		{
			"quote": "If I have the belief that I can do it, I shall surely acquire the capacity to do it even if I may not have it at the beginning.",
			"author": "Gandhi"
		},
		{
			"quote": "It takes courage to grow up and become who you really are.",
			"author": "E. E. Cummings"
		},
		{
			"quote": "Great minds have great purposes, others have wishes. Little minds are tamed and subdued by misfortune; but great minds rise above them.",
			"author": "Washington Irving"
		},
		{
			"quote": "The start is what stops most people.",
			"author": "Don Shula"
		},
		{
			"quote": "Happiness is not something you postpone for the future; it is something you desing for the present.",
			"author": "Jim Rohn"
		}
	]
}
